{
   "BodyDefs" : [
      {
         "AttachThetaX" : 0.0,
         "AttachThetaY" : 0.0,
         "AttachThetaZ" : 0.0,
         "AttachX" : 0.0,
         "AttachY" : 0.0,
         "AttachZ" : 0.0,
         "BottomScale" : 1.0,
         "ColGroup" : 0,
         "ColorA" : 1.0,
         "ColorB" : 0.89999997615814209,
         "ColorG" : 0.89999997615814209,
         "ColorR" : 0.89999997615814209,
         "EnableFallContact" : 0,
         "ID" : 0,
         "Mass" : 1.0,
         "Name" : "root",
         "Param0" : 0.021259842519999999,
         "Param1" : 0.021259842519999999,
         "Param2" : 0.021259842519999999,
         "Shape" : "box",
         "TopScale" : 1.0
      },
      {
         "AttachThetaX" : 0.4657,
         "AttachThetaY" : -0.74119999999999997,
         "AttachThetaZ" : 2.0455999999999999,
         "AttachX" : -0.045496062992799992,
         "AttachY" : -0.046984251969200003,
         "AttachZ" : 0.022960629921600001,
         "BottomScale" : 1.0,
         "ColGroup" : 0,
         "ColorA" : 1.0,
         "ColorB" : 0.89999997615814209,
         "ColorG" : 0.89999997615814209,
         "ColorR" : 0.89999997615814209,
         "EnableFallContact" : 0,
         "ID" : 1,
         "Mass" : 1.0,
         "Name" : "rhipjoint",
         "Param0" : 0.021259842519999999,
         "Param1" : 0.13861417323039998,
         "Param2" : 0.021259842519999999,
         "Shape" : "box",
         "TopScale" : 1.0
      },
      {
         "AttachThetaX" : 7.921399004483245e-18,
         "AttachThetaY" : -5.9904092815075514e-11,
         "AttachThetaZ" : 5.9004992732092365e-16,
         "AttachX" : 5.1073216729641691e-08,
         "AttachY" : -0.19768000000000002,
         "AttachZ" : -1.5297473578877019e-18,
         "BottomScale" : 0.81000000000000005,
         "ColGroup" : 0,
         "ColorA" : 1.0,
         "ColorB" : 0.89999997615814209,
         "ColorG" : 0.89999997615814209,
         "ColorR" : 0.89999997615814209,
         "EnableFallContact" : 0,
         "ID" : 2,
         "Mass" : 10.56,
         "Name" : "rfemur",
         "Param0" : 0.085000000000000006,
         "Param1" : 0.2866599999999998,
         "Param2" : 0.085000000000000006,
         "Shape" : "box",
         "TopScale" : 1.0
      },
      {
         "AttachThetaX" : 0.0,
         "AttachThetaY" : 8.1267018371622184e-10,
         "AttachThetaZ" : -3.4905075791541451e-15,
         "AttachX" : 5.0895402046590474e-08,
         "AttachY" : -0.21214999999999989,
         "AttachZ" : 2.0680587868720721e-17,
         "BottomScale" : 0.90000000000000002,
         "ColGroup" : 0,
         "ColorA" : 1.0,
         "ColorB" : 0.89999997615814209,
         "ColorG" : 0.89999997615814209,
         "ColorR" : 0.89999997615814209,
         "EnableFallContact" : 0,
         "ID" : 3,
         "Mass" : 5.4000000000000004,
         "Name" : "rtibia",
         "Param0" : 0.050999999999999997,
         "Param1" : 0.32429999999999992,
         "Param2" : 0.050999999999999997,
         "Shape" : "box",
         "TopScale" : 1.0
      },
      {
         "AttachThetaX" : 0.0,
         "AttachThetaY" : 0.0,
         "AttachThetaZ" : 0.0,
         "AttachX" : 5.136466913116275e-09,
         "AttachY" : -0.052511811024399994,
         "AttachZ" : 0.00021259842520000001,
         "BottomScale" : 1.0,
         "ColGroup" : 0,
         "ColorA" : 1.0,
         "ColorB" : 0.89999997615814209,
         "ColorG" : 0.89999997615814209,
         "ColorR" : 0.89999997615814209,
         "EnableFallContact" : 0,
         "ID" : 4,
         "Mass" : 2.0,
         "Name" : "rfoot",
         "Param0" : 0.078661417323999991,
         "Param1" : 0.17815748031759998,
         "Param2" : 0.036141732284,
         "Shape" : "box",
         "TopScale" : 1.0
      },
      {
         "AttachThetaX" : -0.12659999999999999,
         "AttachThetaY" : 0.0001,
         "AttachThetaZ" : 0.0,
         "AttachX" : 0.0,
         "AttachY" : -0.028899999999999999,
         "AttachZ" : 0.0138,
         "BottomScale" : 1.0,
         "ColGroup" : 0,
         "ColorA" : 1.0,
         "ColorB" : 0.89999997615814209,
         "ColorG" : 0.89999997615814209,
         "ColorR" : 0.89999997615814209,
         "EnableFallContact" : 0,
         "ID" : 5,
         "Mass" : 13.49,
         "Name" : "lowerback",
         "Param0" : 0.29759999999999998,
         "Param1" : 0.15920000000000001,
         "Param2" : 0.14879999999999999,
         "Shape" : "box",
         "TopScale" : 0.78000000000000003
      },
      {
         "AttachThetaX" : -0.12,
         "AttachThetaY" : 0.0,
         "AttachThetaZ" : -0.017000000000000008,
         "AttachX" : 0.0014881889763999998,
         "AttachY" : -0.0025511811023999995,
         "AttachZ" : -0.0051023622047999991,
         "BottomScale" : 1.0,
         "ColGroup" : 0,
         "ColorA" : 1.0,
         "ColorB" : 0.89999997615814209,
         "ColorG" : 0.89999997615814209,
         "ColorR" : 0.89999997615814209,
         "EnableFallContact" : 0,
         "ID" : 6,
         "Mass" : 13.0,
         "Name" : "upperback",
         "Param0" : 0.22322834645999998,
         "Param1" : 0.11884251968679999,
         "Param2" : 0.1062992126,
         "Shape" : "box",
         "TopScale" : 1.0
      },
      {
         "AttachThetaX" : -0.080000000000000002,
         "AttachThetaY" : 0.0,
         "AttachThetaZ" : -0.070000000000000007,
         "AttachX" : -0.00040000000000000002,
         "AttachY" : 0.017000000000000001,
         "AttachZ" : -0.0047000000000000002,
         "BottomScale" : 0.88800000000000001,
         "ColGroup" : 0,
         "ColorA" : 1.0,
         "ColorB" : 0.89999997615814209,
         "ColorG" : 0.89999997615814209,
         "ColorR" : 0.89999997615814209,
         "EnableFallContact" : 0,
         "ID" : 7,
         "Mass" : 14.99,
         "Name" : "thorax",
         "Param0" : 0.25509999999999999,
         "Param1" : 0.13220000000000001,
         "Param2" : 0.1169,
         "Shape" : "box",
         "TopScale" : 1.0
      },
      {
         "AttachThetaX" : 0.0,
         "AttachThetaY" : 0.0,
         "AttachThetaZ" : -1.7415,
         "AttachX" : -0.0875905511824,
         "AttachY" : 0.027637795275999997,
         "AttachZ" : 0.0093543307088000006,
         "BottomScale" : 0.90000000000000002,
         "ColGroup" : 0,
         "ColorA" : 1.0,
         "ColorB" : 0.89999997615814209,
         "ColorG" : 0.89999997615814209,
         "ColorR" : 0.89999997615814209,
         "EnableFallContact" : 0,
         "ID" : 8,
         "Mass" : 2.0,
         "Name" : "rclavicle",
         "Param0" : 0.068031496063999997,
         "Param1" : 0.090992125985599984,
         "Param2" : 0.074409448820000001,
         "Shape" : "box",
         "TopScale" : 1.0
      },
      {
         "AttachThetaX" : 0.0,
         "AttachThetaY" : -0.50000000000000011,
         "AttachThetaZ" : 0.0016000000000000001,
         "AttachX" : 0.0,
         "AttachY" : -0.14095275590759998,
         "AttachZ" : 0.0,
         "BottomScale" : 0.86999999999999988,
         "ColGroup" : 0,
         "ColorA" : 1.0,
         "ColorB" : 0.89999997615814209,
         "ColorG" : 0.89999997615814209,
         "ColorR" : 0.89999997615814209,
         "EnableFallContact" : 0,
         "ID" : 9,
         "Mass" : 3.5,
         "Name" : "rhumerus",
         "Param0" : 0.055275590551999994,
         "Param1" : 0.20537007874319999,
         "Param2" : 0.055275590551999994,
         "Shape" : "box",
         "TopScale" : 1.0
      },
      {
         "AttachThetaX" : 1.0605716707916016e-16,
         "AttachThetaY" : -0.5,
         "AttachThetaZ" : 0.00059999999999999995,
         "AttachX" : 0.0,
         "AttachY" : -0.090779527560400003,
         "AttachZ" : 0.0,
         "BottomScale" : 0.87,
         "ColGroup" : 0,
         "ColorA" : 1.0,
         "ColorB" : 0.89999997615814209,
         "ColorG" : 0.89999997615814209,
         "ColorR" : 0.89999997615814209,
         "EnableFallContact" : 0,
         "ID" : 10,
         "Mass" : 2.0,
         "Name" : "rradius",
         "Param0" : 0.038267716535999995,
         "Param1" : 0.13074803149799999,
         "Param2" : 0.038267716535999995,
         "Shape" : "box",
         "TopScale" : 1.0
      },
      {
         "AttachThetaX" : 3.1415999999999999,
         "AttachThetaY" : -1.2138,
         "AttachThetaZ" : 1.955852328636201e-06,
         "AttachX" : 3.1020034402458917e-08,
         "AttachY" : -0.045283464567599997,
         "AttachZ" : -4.467584068693174e-08,
         "BottomScale" : 1.0,
         "ColGroup" : 0,
         "ColorA" : 1.0,
         "ColorB" : 0.89999997615814209,
         "ColorG" : 0.89999997615814209,
         "ColorR" : 0.89999997615814209,
         "EnableFallContact" : 0,
         "ID" : 11,
         "Mass" : 1.0,
         "Name" : "rwrist",
         "Param0" : 0.021259842519999999,
         "Param1" : 0.090779527560400003,
         "Param2" : 0.021259842519999999,
         "Shape" : "box",
         "TopScale" : 1.0
      },
      {
         "AttachThetaX" : 0.43969999999999998,
         "AttachThetaY" : -0.098100000000000007,
         "AttachThetaZ" : 0.084900000000000003,
         "AttachX" : -0.011905511811199998,
         "AttachY" : 0.1216062992144,
         "AttachZ" : 0.022322834646,
         "BottomScale" : 1.0,
         "ColGroup" : 0,
         "ColorA" : 1.0,
         "ColorB" : 0.89999997615814209,
         "ColorG" : 0.89999997615814209,
         "ColorR" : 0.89999997615814209,
         "EnableFallContact" : 0,
         "ID" : 12,
         "Mass" : 8.5,
         "Name" : "lowerneck",
         "Param0" : 0.1062992126,
         "Param1" : 0.1003464566944,
         "Param2" : 0.1062992126,
         "Shape" : "box",
         "TopScale" : 1.0
      },
      {
         "AttachThetaX" : 0.0,
         "AttachThetaY" : 0.0,
         "AttachThetaZ" : 1.8200000000000005,
         "AttachX" : 0.088440944883199993,
         "AttachY" : 0.023173228346799999,
         "AttachZ" : 0.0014881889763999998,
         "BottomScale" : 0.90000000000000002,
         "ColGroup" : 0,
         "ColorA" : 1.0,
         "ColorB" : 0.89999997615814209,
         "ColorG" : 0.89999997615814209,
         "ColorR" : 0.89999997615814209,
         "EnableFallContact" : 0,
         "ID" : 13,
         "Mass" : 2.0,
         "Name" : "lclavicle",
         "Param0" : 0.068031496063999997,
         "Param1" : 0.089291338583999999,
         "Param2" : 0.074409448820000001,
         "Shape" : "box",
         "TopScale" : 1.0
      },
      {
         "AttachThetaX" : 6.2341624917916505e-19,
         "AttachThetaY" : 0.50009999999999999,
         "AttachThetaZ" : 0.0,
         "AttachX" : 0.0,
         "AttachY" : -0.13414960630119999,
         "AttachZ" : 0.0,
         "BottomScale" : 0.80000000000000004,
         "ColGroup" : 0,
         "ColorA" : 1.0,
         "ColorB" : 0.89999997615814209,
         "ColorG" : 0.89999997615814209,
         "ColorR" : 0.89999997615814209,
         "EnableFallContact" : 0,
         "ID" : 14,
         "Mass" : 3.5,
         "Name" : "lhumerus",
         "Param0" : 0.055275590551999994,
         "Param1" : 0.20451968504239998,
         "Param2" : 0.055275590551999994,
         "Shape" : "box",
         "TopScale" : 1.0
      },
      {
         "AttachThetaX" : 0.0,
         "AttachThetaY" : 0.5,
         "AttachThetaZ" : 0.0045999999999999999,
         "AttachX" : 0.0,
         "AttachY" : -0.090779527560400003,
         "AttachZ" : 0.0,
         "BottomScale" : 0.80000000000000004,
         "ColGroup" : 0,
         "ColorA" : 1.0,
         "ColorB" : 0.89999997615814209,
         "ColorG" : 0.89999997615814209,
         "ColorR" : 0.89999997615814209,
         "EnableFallContact" : 0,
         "ID" : 15,
         "Mass" : 2.0,
         "Name" : "lradius",
         "Param0" : 0.038267716535999995,
         "Param1" : 0.1303228346476,
         "Param2" : 0.038267716535999995,
         "Shape" : "box",
         "TopScale" : 1.0
      },
      {
         "AttachThetaX" : 3.1415926535897931,
         "AttachThetaY" : -1.3015331463342711e-05,
         "AttachThetaZ" : 0.0,
         "AttachX" : 5.9418095149785121e-18,
         "AttachY" : -0.045283590000670865,
         "AttachZ" : -7.7254865767564468e-13,
         "BottomScale" : 1.0,
         "ColGroup" : 0,
         "ColorA" : 1.0,
         "ColorB" : 0.89999997615814209,
         "ColorG" : 0.89999997615814209,
         "ColorR" : 0.89999997615814209,
         "EnableFallContact" : 0,
         "ID" : 16,
         "Mass" : 1.0,
         "Name" : "lwrist",
         "Param0" : 0.021259842519999999,
         "Param1" : 0.090567180001341729,
         "Param2" : 0.021259842519999999,
         "Shape" : "box",
         "TopScale" : 1.0
      },
      {
         "AttachThetaX" : -2.7233077986605032,
         "AttachThetaY" : 2.4667019329210502,
         "AttachThetaZ" : 1.0880615978059436,
         "AttachX" : 0.050066873859891725,
         "AttachY" : -0.046984259429976055,
         "AttachZ" : 0.022960587049720149,
         "BottomScale" : 1.0,
         "ColGroup" : 0,
         "ColorA" : 1.0,
         "ColorB" : 0.89999997615814209,
         "ColorG" : 0.89999997615814209,
         "ColorR" : 0.89999997615814209,
         "EnableFallContact" : 0,
         "ID" : 17,
         "Mass" : 1.0,
         "Name" : "lhipjoint",
         "Param0" : 0.021259842519999999,
         "Param1" : 0.14479504204154756,
         "Param2" : 0.021259842519999999,
         "Shape" : "box",
         "TopScale" : 1.0
      },
      {
         "AttachThetaX" : 0.0,
         "AttachThetaY" : 0.0,
         "AttachThetaZ" : 0.0,
         "AttachX" : -1.8632149715129906e-07,
         "AttachY" : -0.19768000000000002,
         "AttachZ" : 0.0,
         "BottomScale" : 0.81000000000000005,
         "ColGroup" : 0,
         "ColorA" : 1.0,
         "ColorB" : 0.89999997615814209,
         "ColorG" : 0.89999997615814209,
         "ColorR" : 0.89999997615814209,
         "EnableFallContact" : 0,
         "ID" : 18,
         "Mass" : 10.6,
         "Name" : "lfemur",
         "Param0" : 0.085000000000000006,
         "Param1" : 0.28666000000000003,
         "Param2" : 0.085000000000000006,
         "Shape" : "box",
         "TopScale" : 1.0
      },
      {
         "AttachThetaX" : 0.0,
         "AttachThetaY" : 0.0,
         "AttachThetaZ" : 0.0,
         "AttachX" : -1.9926085624466277e-07,
         "AttachY" : -0.21215000000000034,
         "AttachZ" : 0.0,
         "BottomScale" : 0.90000000000000002,
         "ColGroup" : 0,
         "ColorA" : 1.0,
         "ColorB" : 0.89999997615814209,
         "ColorG" : 0.89999997615814209,
         "ColorR" : 0.89999997615814209,
         "EnableFallContact" : 0,
         "ID" : 19,
         "Mass" : 5.0899999999999999,
         "Name" : "ltibia",
         "Param0" : 0.050999999999999997,
         "Param1" : 0.32430000000000059,
         "Param2" : 0.050999999999999997,
         "Shape" : "box",
         "TopScale" : 1.0
      },
      {
         "AttachThetaX" : 0.0,
         "AttachThetaY" : 1.3492486017319963e-06,
         "AttachThetaZ" : 1.5934010299808756e-07,
         "AttachX" : -8.6047061133016488e-09,
         "AttachY" : -0.052511811024399994,
         "AttachZ" : -1.3253731281958128e-18,
         "BottomScale" : 1.0,
         "ColGroup" : 0,
         "ColorA" : 1.0,
         "ColorB" : 0.89999997615814209,
         "ColorG" : 0.89999997615814209,
         "ColorR" : 0.89999997615814209,
         "EnableFallContact" : 0,
         "ID" : 20,
         "Mass" : 2.0,
         "Name" : "lfoot",
         "Param0" : 0.078661417323999991,
         "Param1" : 0.17815748031759998,
         "Param2" : 0.036141732284,
         "Shape" : "box",
         "TopScale" : 1.0
      }
   ],
   "DrawShapeDefs" : [
      {
         "AttachThetaX" : 0.0,
         "AttachThetaY" : 0.0,
         "AttachThetaZ" : 0.0,
         "AttachX" : 0.0,
         "AttachY" : 0.0,
         "AttachZ" : 0.0,
         "BottomScale" : 1.0,
         "ColorA" : 1.0,
         "ColorB" : 0.44999998807907104,
         "ColorG" : 0.89999997615814209,
         "ColorR" : 0.44999998807907104,
         "ID" : 0,
         "Name" : "joint_root",
         "Param0" : 0.042519685039999998,
         "Param1" : 0.042519685039999998,
         "Param2" : 0.042519685039999998,
         "ParentJoint" : 0,
         "Shape" : "sphere",
         "TopScale" : 1.0
      },
      {
         "AttachThetaX" : 0.0,
         "AttachThetaY" : 0.0,
         "AttachThetaZ" : 0.0,
         "AttachX" : 0.0,
         "AttachY" : 0.0,
         "AttachZ" : 0.0,
         "BottomScale" : 1.0,
         "ColorA" : 1.0,
         "ColorB" : 0.89999997615814209,
         "ColorG" : 0.89999997615814209,
         "ColorR" : 0.89999997615814209,
         "ID" : 0,
         "Name" : "root",
         "Param0" : 0.021259842519999999,
         "Param1" : 0.021259842519999999,
         "Param2" : 0.021259842519999999,
         "ParentJoint" : 0,
         "Shape" : "box",
         "TopScale" : 1.0
      },
      {
         "AttachThetaX" : 0.0,
         "AttachThetaY" : 0.0,
         "AttachThetaZ" : 0.0,
         "AttachX" : 0.0,
         "AttachY" : 0.0,
         "AttachZ" : 0.0,
         "BottomScale" : 1.0,
         "ColorA" : 1.0,
         "ColorB" : 0.44999998807907104,
         "ColorG" : 0.89999997615814209,
         "ColorR" : 0.44999998807907104,
         "ID" : 1,
         "Name" : "joint_rhipjoint",
         "Param0" : 0.042519685039999998,
         "Param1" : 0.042519685039999998,
         "Param2" : 0.042519685039999998,
         "ParentJoint" : 1,
         "Shape" : "sphere",
         "TopScale" : 1.0
      },
      {
         "AttachThetaX" : 0.4657,
         "AttachThetaY" : -0.74119999999999997,
         "AttachThetaZ" : 2.0455999999999999,
         "AttachX" : -0.045496062992799992,
         "AttachY" : -0.046984251969200003,
         "AttachZ" : 0.022960629921600001,
         "BottomScale" : 1.0,
         "ColorA" : 1.0,
         "ColorB" : 0.89999997615814209,
         "ColorG" : 0.89999997615814209,
         "ColorR" : 0.89999997615814209,
         "ID" : 1,
         "Name" : "rhipjoint",
         "Param0" : 0.021259842519999999,
         "Param1" : 0.13861417323039998,
         "Param2" : 0.021259842519999999,
         "ParentJoint" : 1,
         "Shape" : "box",
         "TopScale" : 1.0
      },
      {
         "AttachThetaX" : 0.0,
         "AttachThetaY" : 0.0,
         "AttachThetaZ" : 0.0,
         "AttachX" : 0.0,
         "AttachY" : 0.0,
         "AttachZ" : 0.0,
         "BottomScale" : 1.0,
         "ColorA" : 1.0,
         "ColorB" : 0.44999998807907104,
         "ColorG" : 0.89999997615814209,
         "ColorR" : 0.44999998807907104,
         "ID" : 2,
         "Name" : "joint_rfemur",
         "Param0" : 0.042519685039999998,
         "Param1" : 0.042519685039999998,
         "Param2" : 0.042519685039999998,
         "ParentJoint" : 2,
         "Shape" : "sphere",
         "TopScale" : 1.0
      },
      {
         "AttachThetaX" : 7.921399004483245e-18,
         "AttachThetaY" : -5.9904092815075514e-11,
         "AttachThetaZ" : 5.9004992732092365e-16,
         "AttachX" : 5.1073216729641691e-08,
         "AttachY" : -0.19768000000000002,
         "AttachZ" : -1.5297473578877019e-18,
         "BottomScale" : 0.81000000000000005,
         "ColorA" : 1.0,
         "ColorB" : 0.89999997615814209,
         "ColorG" : 0.89999997615814209,
         "ColorR" : 0.89999997615814209,
         "ID" : 2,
         "Name" : "rfemur",
         "Param0" : 0.085000000000000006,
         "Param1" : 0.2866599999999998,
         "Param2" : 0.085000000000000006,
         "ParentJoint" : 2,
         "Shape" : "box",
         "TopScale" : 1.0
      },
      {
         "AttachThetaX" : 0.0,
         "AttachThetaY" : 0.0,
         "AttachThetaZ" : 0.0,
         "AttachX" : 0.0,
         "AttachY" : 0.0,
         "AttachZ" : 0.0,
         "BottomScale" : 0.90999999999999992,
         "ColorA" : 1.0,
         "ColorB" : 0.44999998807907104,
         "ColorG" : 0.89999997615814209,
         "ColorR" : 0.44999998807907104,
         "ID" : 3,
         "Name" : "joint_rtibia",
         "Param0" : 0.059527559055999997,
         "Param1" : 0.051023622047999997,
         "Param2" : 0.059527559055999997,
         "ParentJoint" : 3,
         "Shape" : "box",
         "TopScale" : 1.0
      },
      {
         "AttachThetaX" : 0.0,
         "AttachThetaY" : 8.1267018371622184e-10,
         "AttachThetaZ" : -3.4905075791541451e-15,
         "AttachX" : 5.0895402046590474e-08,
         "AttachY" : -0.21214999999999989,
         "AttachZ" : 2.0680587868720721e-17,
         "BottomScale" : 0.90000000000000002,
         "ColorA" : 1.0,
         "ColorB" : 0.89999997615814209,
         "ColorG" : 0.89999997615814209,
         "ColorR" : 0.89999997615814209,
         "ID" : 3,
         "Name" : "rtibia",
         "Param0" : 0.050999999999999997,
         "Param1" : 0.32429999999999992,
         "Param2" : 0.050999999999999997,
         "ParentJoint" : 3,
         "Shape" : "box",
         "TopScale" : 1.0
      },
      {
         "AttachThetaX" : 0.0060000000000000001,
         "AttachThetaY" : 0.0,
         "AttachThetaZ" : 0.0,
         "AttachX" : 0.0,
         "AttachY" : 0.0042519685039999998,
         "AttachZ" : 0.0,
         "BottomScale" : 1.0,
         "ColorA" : 1.0,
         "ColorB" : 0.44999998807907104,
         "ColorG" : 0.89999997615814209,
         "ColorR" : 0.44999998807907104,
         "ID" : 4,
         "Name" : "joint_rfoot",
         "Param0" : 0.042519685039999991,
         "Param1" : 0.042519685039999991,
         "Param2" : 0.042519685039999998,
         "ParentJoint" : 4,
         "Shape" : "box",
         "TopScale" : 1.0
      },
      {
         "AttachThetaX" : 0.0,
         "AttachThetaY" : 0.0,
         "AttachThetaZ" : 0.0,
         "AttachX" : 5.136466913116275e-09,
         "AttachY" : -0.052511811024399994,
         "AttachZ" : 0.00021259842520000001,
         "BottomScale" : 1.0,
         "ColorA" : 1.0,
         "ColorB" : 0.89999997615814209,
         "ColorG" : 0.89999997615814209,
         "ColorR" : 0.89999997615814209,
         "ID" : 4,
         "Name" : "rfoot",
         "Param0" : 0.078661417323999991,
         "Param1" : 0.17815748031759998,
         "Param2" : 0.036141732284,
         "ParentJoint" : 4,
         "Shape" : "box",
         "TopScale" : 1.0
      },
      {
         "AttachThetaX" : 0.0,
         "AttachThetaY" : 0.0,
         "AttachThetaZ" : 0.0,
         "AttachX" : 0.0,
         "AttachY" : 0.0,
         "AttachZ" : 0.0,
         "BottomScale" : 1.0,
         "ColorA" : 1.0,
         "ColorB" : 0.44999998807907104,
         "ColorG" : 0.89999997615814209,
         "ColorR" : 0.44999998807907104,
         "ID" : 5,
         "Name" : "joint_lowerback",
         "Param0" : 0.042519685039999998,
         "Param1" : 0.042519685039999998,
         "Param2" : 0.042519685039999998,
         "ParentJoint" : 5,
         "Shape" : "sphere",
         "TopScale" : 1.0
      },
      {
         "AttachThetaX" : -0.12659999999999999,
         "AttachThetaY" : 0.0001,
         "AttachThetaZ" : 0.0,
         "AttachX" : 0.0,
         "AttachY" : -0.028899999999999999,
         "AttachZ" : 0.0138,
         "BottomScale" : 1.0,
         "ColorA" : 1.0,
         "ColorB" : 0.89999997615814209,
         "ColorG" : 0.89999997615814209,
         "ColorR" : 0.89999997615814209,
         "ID" : 5,
         "Name" : "lowerback",
         "Param0" : 0.29759999999999998,
         "Param1" : 0.15920000000000001,
         "Param2" : 0.14879999999999999,
         "ParentJoint" : 5,
         "Shape" : "box",
         "TopScale" : 0.78000000000000003
      },
      {
         "AttachThetaX" : 0.0,
         "AttachThetaY" : 0.0,
         "AttachThetaZ" : 0.0,
         "AttachX" : 0.0,
         "AttachY" : 0.0,
         "AttachZ" : 0.0,
         "BottomScale" : 1.0,
         "ColorA" : 1.0,
         "ColorB" : 0.44999998807907104,
         "ColorG" : 0.89999997615814209,
         "ColorR" : 0.44999998807907104,
         "ID" : 6,
         "Name" : "joint_upperback",
         "Param0" : 0.042519685039999998,
         "Param1" : 0.042519685039999998,
         "Param2" : 0.042519685039999998,
         "ParentJoint" : 6,
         "Shape" : "sphere",
         "TopScale" : 1.0
      },
      {
         "AttachThetaX" : -0.12,
         "AttachThetaY" : 0.0,
         "AttachThetaZ" : -0.017000000000000008,
         "AttachX" : 0.0014881889763999998,
         "AttachY" : -0.0025511811023999995,
         "AttachZ" : -0.0051023622047999991,
         "BottomScale" : 1.0,
         "ColorA" : 1.0,
         "ColorB" : 0.89999997615814209,
         "ColorG" : 0.89999997615814209,
         "ColorR" : 0.89999997615814209,
         "ID" : 6,
         "Name" : "upperback",
         "Param0" : 0.22322834645999998,
         "Param1" : 0.11884251968679999,
         "Param2" : 0.1062992126,
         "ParentJoint" : 6,
         "Shape" : "box",
         "TopScale" : 1.0
      },
      {
         "AttachThetaX" : 0.0,
         "AttachThetaY" : 0.0,
         "AttachThetaZ" : 0.0,
         "AttachX" : 0.0,
         "AttachY" : 0.0,
         "AttachZ" : 0.0,
         "BottomScale" : 1.0,
         "ColorA" : 1.0,
         "ColorB" : 0.44999998807907104,
         "ColorG" : 0.89999997615814209,
         "ColorR" : 0.44999998807907104,
         "ID" : 7,
         "Name" : "joint_thorax",
         "Param0" : 0.042519685039999998,
         "Param1" : 0.042519685039999998,
         "Param2" : 0.042519685039999998,
         "ParentJoint" : 7,
         "Shape" : "sphere",
         "TopScale" : 1.0
      },
      {
         "AttachThetaX" : -0.080000000000000002,
         "AttachThetaY" : 0.0,
         "AttachThetaZ" : -0.070000000000000007,
         "AttachX" : -0.00040000000000000002,
         "AttachY" : 0.017000000000000001,
         "AttachZ" : -0.0047000000000000002,
         "BottomScale" : 0.88800000000000001,
         "ColorA" : 1.0,
         "ColorB" : 0.89999997615814209,
         "ColorG" : 0.89999997615814209,
         "ColorR" : 0.89999997615814209,
         "ID" : 7,
         "Name" : "thorax",
         "Param0" : 0.25509999999999999,
         "Param1" : 0.13220000000000001,
         "Param2" : 0.1169,
         "ParentJoint" : 7,
         "Shape" : "box",
         "TopScale" : 1.0
      },
      {
         "AttachThetaX" : 0.0,
         "AttachThetaY" : 0.0,
         "AttachThetaZ" : 0.0,
         "AttachX" : 0.0,
         "AttachY" : 0.0,
         "AttachZ" : 0.0,
         "BottomScale" : 1.0,
         "ColorA" : 1.0,
         "ColorB" : 0.44999998807907104,
         "ColorG" : 0.89999997615814209,
         "ColorR" : 0.44999998807907104,
         "ID" : 8,
         "Name" : "joint_rclavicle",
         "Param0" : 0.042519685039999998,
         "Param1" : 0.042519685039999998,
         "Param2" : 0.042519685039999998,
         "ParentJoint" : 8,
         "Shape" : "sphere",
         "TopScale" : 1.0
      },
      {
         "AttachThetaX" : 0.0,
         "AttachThetaY" : 0.0,
         "AttachThetaZ" : -1.7415,
         "AttachX" : -0.0875905511824,
         "AttachY" : 0.027637795275999997,
         "AttachZ" : 0.0093543307088000006,
         "BottomScale" : 0.90000000000000002,
         "ColorA" : 1.0,
         "ColorB" : 0.89999997615814209,
         "ColorG" : 0.89999997615814209,
         "ColorR" : 0.89999997615814209,
         "ID" : 8,
         "Name" : "rclavicle",
         "Param0" : 0.068031496063999997,
         "Param1" : 0.090992125985599984,
         "Param2" : 0.074409448820000001,
         "ParentJoint" : 8,
         "Shape" : "box",
         "TopScale" : 1.0
      },
      {
         "AttachThetaX" : 0.0,
         "AttachThetaY" : -0.5,
         "AttachThetaZ" : 0.0,
         "AttachX" : 0.0,
         "AttachY" : 0.0,
         "AttachZ" : 0.0,
         "BottomScale" : 0.95999999999999996,
         "ColorA" : 1.0,
         "ColorB" : 0.44999998807907104,
         "ColorG" : 0.89999997615814209,
         "ColorR" : 0.44999998807907104,
         "ID" : 9,
         "Name" : "joint_rhumerus",
         "Param0" : 0.057401574803999995,
         "Param1" : 0.057401574803999995,
         "Param2" : 0.057401574803999995,
         "ParentJoint" : 9,
         "Shape" : "box",
         "TopScale" : 1.0
      },
      {
         "AttachThetaX" : 0.0,
         "AttachThetaY" : -0.50000000000000011,
         "AttachThetaZ" : 0.0016000000000000001,
         "AttachX" : 0.0,
         "AttachY" : -0.14095275590759998,
         "AttachZ" : 0.0,
         "BottomScale" : 0.86999999999999988,
         "ColorA" : 1.0,
         "ColorB" : 0.89999997615814209,
         "ColorG" : 0.89999997615814209,
         "ColorR" : 0.89999997615814209,
         "ID" : 9,
         "Name" : "rhumerus",
         "Param0" : 0.055275590551999994,
         "Param1" : 0.20537007874319999,
         "Param2" : 0.055275590551999994,
         "ParentJoint" : 9,
         "Shape" : "box",
         "TopScale" : 1.0
      },
      {
         "AttachThetaX" : 0.0,
         "AttachThetaY" : -0.50000000000000022,
         "AttachThetaZ" : 0.0,
         "AttachX" : 0.0,
         "AttachY" : 0.0,
         "AttachZ" : 0.0,
         "BottomScale" : 0.94999999999999996,
         "ColorA" : 1.0,
         "ColorB" : 0.44999998807907104,
         "ColorG" : 0.89999997615814209,
         "ColorR" : 0.44999998807907104,
         "ID" : 10,
         "Name" : "joint_rradius",
         "Param0" : 0.042519685039999998,
         "Param1" : 0.042519685039999998,
         "Param2" : 0.042519685039999998,
         "ParentJoint" : 10,
         "Shape" : "box",
         "TopScale" : 1.0
      },
      {
         "AttachThetaX" : 1.0605716707916016e-16,
         "AttachThetaY" : -0.5,
         "AttachThetaZ" : 0.00059999999999999995,
         "AttachX" : 0.0,
         "AttachY" : -0.090779527560400003,
         "AttachZ" : 0.0,
         "BottomScale" : 0.87,
         "ColorA" : 1.0,
         "ColorB" : 0.89999997615814209,
         "ColorG" : 0.89999997615814209,
         "ColorR" : 0.89999997615814209,
         "ID" : 10,
         "Name" : "rradius",
         "Param0" : 0.038267716535999995,
         "Param1" : 0.13074803149799999,
         "Param2" : 0.038267716535999995,
         "ParentJoint" : 10,
         "Shape" : "box",
         "TopScale" : 1.0
      },
      {
         "AttachThetaX" : 0.0,
         "AttachThetaY" : 0.0,
         "AttachThetaZ" : 0.0,
         "AttachX" : 0.0,
         "AttachY" : 0.0,
         "AttachZ" : 0.0,
         "BottomScale" : 1.0,
         "ColorA" : 1.0,
         "ColorB" : 0.44999998807907104,
         "ColorG" : 0.89999997615814209,
         "ColorR" : 0.44999998807907104,
         "ID" : 11,
         "Name" : "joint_rwrist",
         "Param0" : 0.042519685039999998,
         "Param1" : 0.042519685039999998,
         "Param2" : 0.042519685039999998,
         "ParentJoint" : 11,
         "Shape" : "sphere",
         "TopScale" : 1.0
      },
      {
         "AttachThetaX" : 3.1415999999999999,
         "AttachThetaY" : -1.2138,
         "AttachThetaZ" : 1.955852328636201e-06,
         "AttachX" : 3.1020034402458917e-08,
         "AttachY" : -0.045283464567599997,
         "AttachZ" : -4.467584068693174e-08,
         "BottomScale" : 1.0,
         "ColorA" : 1.0,
         "ColorB" : 0.89999997615814209,
         "ColorG" : 0.89999997615814209,
         "ColorR" : 0.89999997615814209,
         "ID" : 11,
         "Name" : "rwrist",
         "Param0" : 0.021259842519999999,
         "Param1" : 0.090779527560400003,
         "Param2" : 0.021259842519999999,
         "ParentJoint" : 11,
         "Shape" : "box",
         "TopScale" : 1.0
      },
      {
         "AttachThetaX" : 0.20999999999999999,
         "AttachThetaY" : 0.044999999999999998,
         "AttachThetaZ" : 0.16700000000000001,
         "AttachX" : 0.0,
         "AttachY" : 0.0,
         "AttachZ" : 0.0,
         "BottomScale" : 1.0,
         "ColorA" : 1.0,
         "ColorB" : 0.44999998807907104,
         "ColorG" : 0.89999997615814209,
         "ColorR" : 0.44999998807907104,
         "ID" : 12,
         "Name" : "joint_lowerneck",
         "Param0" : 0.053149606299999999,
         "Param1" : 0.053149606299999999,
         "Param2" : 0.053149606299999999,
         "ParentJoint" : 12,
         "Shape" : "box",
         "TopScale" : 1.0
      },
      {
         "AttachThetaX" : 0.43969999999999998,
         "AttachThetaY" : -0.098100000000000007,
         "AttachThetaZ" : 0.084900000000000003,
         "AttachX" : -0.011905511811199998,
         "AttachY" : 0.1216062992144,
         "AttachZ" : 0.022322834646,
         "BottomScale" : 1.0,
         "ColorA" : 1.0,
         "ColorB" : 0.89999997615814209,
         "ColorG" : 0.89999997615814209,
         "ColorR" : 0.89999997615814209,
         "ID" : 12,
         "Name" : "lowerneck",
         "Param0" : 0.1062992126,
         "Param1" : 0.1003464566944,
         "Param2" : 0.1062992126,
         "ParentJoint" : 12,
         "Shape" : "box",
         "TopScale" : 1.0
      },
      {
         "AttachThetaX" : 0.0,
         "AttachThetaY" : 0.0,
         "AttachThetaZ" : 0.0,
         "AttachX" : 0.0,
         "AttachY" : 0.0,
         "AttachZ" : 0.0,
         "BottomScale" : 1.0,
         "ColorA" : 1.0,
         "ColorB" : 0.44999998807907104,
         "ColorG" : 0.89999997615814209,
         "ColorR" : 0.44999998807907104,
         "ID" : 13,
         "Name" : "joint_lclavicle",
         "Param0" : 0.042519685039999998,
         "Param1" : 0.042519685039999998,
         "Param2" : 0.042519685039999998,
         "ParentJoint" : 13,
         "Shape" : "sphere",
         "TopScale" : 1.0
      },
      {
         "AttachThetaX" : 0.0,
         "AttachThetaY" : 0.0,
         "AttachThetaZ" : 1.8200000000000005,
         "AttachX" : 0.088440944883199993,
         "AttachY" : 0.023173228346799999,
         "AttachZ" : 0.0014881889763999998,
         "BottomScale" : 0.90000000000000002,
         "ColorA" : 1.0,
         "ColorB" : 0.89999997615814209,
         "ColorG" : 0.89999997615814209,
         "ColorR" : 0.89999997615814209,
         "ID" : 13,
         "Name" : "lclavicle",
         "Param0" : 0.068031496063999997,
         "Param1" : 0.089291338583999999,
         "Param2" : 0.074409448820000001,
         "ParentJoint" : 13,
         "Shape" : "box",
         "TopScale" : 1.0
      },
      {
         "AttachThetaX" : 0.0,
         "AttachThetaY" : 0.5,
         "AttachThetaZ" : 0.0,
         "AttachX" : 0.0,
         "AttachY" : 0.0,
         "AttachZ" : 0.0,
         "BottomScale" : 1.0,
         "ColorA" : 1.0,
         "ColorB" : 0.44999998807907104,
         "ColorG" : 0.89999997615814209,
         "ColorR" : 0.44999998807907104,
         "ID" : 14,
         "Name" : "joint_lhumerus",
         "Param0" : 0.057401574803999995,
         "Param1" : 0.057401574803999995,
         "Param2" : 0.057401574803999995,
         "ParentJoint" : 14,
         "Shape" : "box",
         "TopScale" : 1.0
      },
      {
         "AttachThetaX" : 6.2341624917916505e-19,
         "AttachThetaY" : 0.50009999999999999,
         "AttachThetaZ" : 0.0,
         "AttachX" : 0.0,
         "AttachY" : -0.13414960630119999,
         "AttachZ" : 0.0,
         "BottomScale" : 0.80000000000000004,
         "ColorA" : 1.0,
         "ColorB" : 0.89999997615814209,
         "ColorG" : 0.89999997615814209,
         "ColorR" : 0.89999997615814209,
         "ID" : 14,
         "Name" : "lhumerus",
         "Param0" : 0.055275590551999994,
         "Param1" : 0.20451968504239998,
         "Param2" : 0.055275590551999994,
         "ParentJoint" : 14,
         "Shape" : "box",
         "TopScale" : 1.0
      },
      {
         "AttachThetaX" : 0.0,
         "AttachThetaY" : 0.5,
         "AttachThetaZ" : 0.0,
         "AttachX" : 0.0,
         "AttachY" : 0.0,
         "AttachZ" : 0.0,
         "BottomScale" : 0.93999999999999995,
         "ColorA" : 1.0,
         "ColorB" : 0.44999998807907104,
         "ColorG" : 0.89999997615814209,
         "ColorR" : 0.44999998807907104,
         "ID" : 15,
         "Name" : "joint_lradius",
         "Param0" : 0.042519685039999998,
         "Param1" : 0.042519685039999998,
         "Param2" : 0.042519685039999998,
         "ParentJoint" : 15,
         "Shape" : "box",
         "TopScale" : 1.0
      },
      {
         "AttachThetaX" : 0.0,
         "AttachThetaY" : 0.5,
         "AttachThetaZ" : 0.0045999999999999999,
         "AttachX" : 0.0,
         "AttachY" : -0.090779527560400003,
         "AttachZ" : 0.0,
         "BottomScale" : 0.80000000000000004,
         "ColorA" : 1.0,
         "ColorB" : 0.89999997615814209,
         "ColorG" : 0.89999997615814209,
         "ColorR" : 0.89999997615814209,
         "ID" : 15,
         "Name" : "lradius",
         "Param0" : 0.038267716535999995,
         "Param1" : 0.1303228346476,
         "Param2" : 0.038267716535999995,
         "ParentJoint" : 15,
         "Shape" : "box",
         "TopScale" : 1.0
      },
      {
         "AttachThetaX" : 0.0,
         "AttachThetaY" : 0.0,
         "AttachThetaZ" : 0.0,
         "AttachX" : 0.0,
         "AttachY" : 0.0,
         "AttachZ" : 0.0,
         "BottomScale" : 1.0,
         "ColorA" : 1.0,
         "ColorB" : 0.44999998807907104,
         "ColorG" : 0.89999997615814209,
         "ColorR" : 0.44999998807907104,
         "ID" : 16,
         "Name" : "joint_lwrist",
         "Param0" : 0.042519685039999998,
         "Param1" : 0.042519685039999998,
         "Param2" : 0.042519685039999998,
         "ParentJoint" : 16,
         "Shape" : "sphere",
         "TopScale" : 1.0
      },
      {
         "AttachThetaX" : 3.1415926535897931,
         "AttachThetaY" : -1.3015331463342711e-05,
         "AttachThetaZ" : 0.0,
         "AttachX" : 5.9418095149785121e-18,
         "AttachY" : -0.045283590000670865,
         "AttachZ" : -7.7254865767564468e-13,
         "BottomScale" : 1.0,
         "ColorA" : 1.0,
         "ColorB" : 0.89999997615814209,
         "ColorG" : 0.89999997615814209,
         "ColorR" : 0.89999997615814209,
         "ID" : 16,
         "Name" : "lwrist",
         "Param0" : 0.021259842519999999,
         "Param1" : 0.090567180001341729,
         "Param2" : 0.021259842519999999,
         "ParentJoint" : 16,
         "Shape" : "box",
         "TopScale" : 1.0
      },
      {
         "AttachThetaX" : 0.0,
         "AttachThetaY" : 0.0,
         "AttachThetaZ" : 0.0,
         "AttachX" : 0.0,
         "AttachY" : 0.0,
         "AttachZ" : 0.0,
         "BottomScale" : 1.0,
         "ColorA" : 1.0,
         "ColorB" : 0.44999998807907104,
         "ColorG" : 0.89999997615814209,
         "ColorR" : 0.44999998807907104,
         "ID" : 17,
         "Name" : "joint_lhipjoint",
         "Param0" : 0.042519685039999998,
         "Param1" : 0.042519685039999998,
         "Param2" : 0.042519685039999998,
         "ParentJoint" : 17,
         "Shape" : "sphere",
         "TopScale" : 1.0
      },
      {
         "AttachThetaX" : -2.7233077986605032,
         "AttachThetaY" : 2.4667019329210502,
         "AttachThetaZ" : 1.0880615978059436,
         "AttachX" : 0.050066873859891725,
         "AttachY" : -0.046984259429976055,
         "AttachZ" : 0.022960587049720149,
         "BottomScale" : 1.0,
         "ColorA" : 1.0,
         "ColorB" : 0.89999997615814209,
         "ColorG" : 0.89999997615814209,
         "ColorR" : 0.89999997615814209,
         "ID" : 17,
         "Name" : "lhipjoint",
         "Param0" : 0.021259842519999999,
         "Param1" : 0.14479504204154756,
         "Param2" : 0.021259842519999999,
         "ParentJoint" : 17,
         "Shape" : "box",
         "TopScale" : 1.0
      },
      {
         "AttachThetaX" : 0.0,
         "AttachThetaY" : 0.0,
         "AttachThetaZ" : 0.0,
         "AttachX" : 0.0,
         "AttachY" : 0.0,
         "AttachZ" : 0.0,
         "BottomScale" : 1.0,
         "ColorA" : 1.0,
         "ColorB" : 0.44999998807907104,
         "ColorG" : 0.89999997615814209,
         "ColorR" : 0.44999998807907104,
         "ID" : 18,
         "Name" : "joint_lfemur",
         "Param0" : 0.042500000000000003,
         "Param1" : 0.042500000000000003,
         "Param2" : 0.042500000000000003,
         "ParentJoint" : 18,
         "Shape" : "sphere",
         "TopScale" : 1.0
      },
      {
         "AttachThetaX" : 0.0,
         "AttachThetaY" : 0.0,
         "AttachThetaZ" : 0.0,
         "AttachX" : -1.8632149715129906e-07,
         "AttachY" : -0.19768000000000002,
         "AttachZ" : 0.0,
         "BottomScale" : 0.81000000000000005,
         "ColorA" : 1.0,
         "ColorB" : 0.89999997615814209,
         "ColorG" : 0.89999997615814209,
         "ColorR" : 0.89999997615814209,
         "ID" : 18,
         "Name" : "lfemur",
         "Param0" : 0.085000000000000006,
         "Param1" : 0.28666000000000003,
         "Param2" : 0.085000000000000006,
         "ParentJoint" : 18,
         "Shape" : "box",
         "TopScale" : 1.0
      },
      {
         "AttachThetaX" : 0.0,
         "AttachThetaY" : 0.0,
         "AttachThetaZ" : 0.0,
         "AttachX" : 0.0,
         "AttachY" : 0.0,
         "AttachZ" : 0.0,
         "BottomScale" : 0.91000000000000003,
         "ColorA" : 1.0,
         "ColorB" : 0.44999998807907104,
         "ColorG" : 0.89999997615814209,
         "ColorR" : 0.44999998807907104,
         "ID" : 19,
         "Name" : "joint_ltibia",
         "Param0" : 0.059499999999999997,
         "Param1" : 0.050999999999999997,
         "Param2" : 0.059499999999999997,
         "ParentJoint" : 19,
         "Shape" : "box",
         "TopScale" : 1.0
      },
      {
         "AttachThetaX" : 0.0,
         "AttachThetaY" : 0.0,
         "AttachThetaZ" : 0.0,
         "AttachX" : -1.9926085624466277e-07,
         "AttachY" : -0.21215000000000034,
         "AttachZ" : 0.0,
         "BottomScale" : 0.90000000000000002,
         "ColorA" : 1.0,
         "ColorB" : 0.89999997615814209,
         "ColorG" : 0.89999997615814209,
         "ColorR" : 0.89999997615814209,
         "ID" : 19,
         "Name" : "ltibia",
         "Param0" : 0.050999999999999997,
         "Param1" : 0.32430000000000059,
         "Param2" : 0.050999999999999997,
         "ParentJoint" : 19,
         "Shape" : "box",
         "TopScale" : 1.0
      },
      {
         "AttachThetaX" : 0.0,
         "AttachThetaY" : 0.0,
         "AttachThetaZ" : 0.0,
         "AttachX" : 0.0,
         "AttachY" : 0.0,
         "AttachZ" : 0.0,
         "BottomScale" : 1.0,
         "ColorA" : 1.0,
         "ColorB" : 0.44999998807907104,
         "ColorG" : 0.89999997615814209,
         "ColorR" : 0.44999998807907104,
         "ID" : 20,
         "Name" : "joint_lfoot",
         "Param0" : 0.042519685039999998,
         "Param1" : 0.042519685039999998,
         "Param2" : 0.042519685039999998,
         "ParentJoint" : 20,
         "Shape" : "box",
         "TopScale" : 1.0
      },
      {
         "AttachThetaX" : 0.0,
         "AttachThetaY" : 1.3492486017319963e-06,
         "AttachThetaZ" : 1.5934010299808756e-07,
         "AttachX" : -8.6047061133016488e-09,
         "AttachY" : -0.052511811024399994,
         "AttachZ" : -1.3253731281958128e-18,
         "BottomScale" : 1.0,
         "ColorA" : 1.0,
         "ColorB" : 0.89999997615814209,
         "ColorG" : 0.89999997615814209,
         "ColorR" : 0.89999997615814209,
         "ID" : 20,
         "Name" : "lfoot",
         "Param0" : 0.078661417323999991,
         "Param1" : 0.17815748031759998,
         "Param2" : 0.036141732284,
         "ParentJoint" : 20,
         "Shape" : "box",
         "TopScale" : 1.0
      }
   ],
   "Skeleton" : {
      "Joints" : [
         {
            "AttachThetaX" : 0.0,
            "AttachThetaY" : 0.0,
            "AttachThetaZ" : 0.0,
            "AttachX" : 0.0,
            "AttachY" : 0.0,
            "AttachZ" : 0.0,
            "DiffWeight" : 1.0,
            "ID" : 0,
            "IsEndEffector" : 0.0,
            "LimHigh0" : 0.0,
            "LimHigh1" : 0.0,
            "LimHigh2" : 0.0,
            "LimLow0" : 1.0,
            "LimLow1" : 1.0,
            "LimLow2" : 1.0,
            "Name" : "root",
            "Parent" : -1,
            "TorqueLim" : 0.0,
            "Type" : "none"
         },
         {
            "AttachThetaX" : 0.0,
            "AttachThetaY" : 0.0,
            "AttachThetaZ" : 0.0,
            "AttachX" : 0.0,
            "AttachY" : 0.0,
            "AttachZ" : 0.0,
            "DiffWeight" : 1.0,
            "ID" : 1,
            "IsEndEffector" : 0.0,
            "LimHigh0" : 0.01,
            "LimHigh1" : 0.01,
            "LimHigh2" : 0.01,
            "LimLow0" : 0.0,
            "LimLow1" : 0.0,
            "LimLow2" : 0.0,
            "Name" : "rhipjoint",
            "Parent" : 0,
            "TorqueLim" : 0.0,
            "Type" : "fixed"
         },
         {
            "AttachThetaX" : 3.1415999999999999,
            "AttachThetaY" : -3.1415999999999999,
            "AttachThetaZ" : 2.7925,
            "AttachX" : -0.10009999999999999,
            "AttachY" : -0.094,
            "AttachZ" : 0.045887133174439799,
            "DiffWeight" : 1.0,
            "ID" : 2,
            "IsEndEffector" : 0.0,
            "LimHigh0" : 0.3490658503988659,
            "LimHigh1" : 1.2217304763960306,
            "LimHigh2" : 1.0471975511965976,
            "LimLow0" : -2.7925268031909272,
            "LimLow1" : -1.2217304763960306,
            "LimLow2" : -1.2217304763960306,
            "Name" : "rfemur",
            "Parent" : 1,
            "TorqueLim" : 2000.0,
            "Type" : "spherical"
         },
         {
            "AttachThetaX" : 3.1415999999999999,
            "AttachThetaY" : 3.1415999999999999,
            "AttachThetaZ" : 3.1415999999999999,
            "AttachX" : 1.0214643345928338e-07,
            "AttachY" : -0.39400000000000002,
            "AttachZ" : -3.0594947157754037e-18,
            "DiffWeight" : 1.0,
            "ID" : 3,
            "IsEndEffector" : 0.0,
            "LimHigh0" : 2.9670597283903599,
            "LimHigh1" : 0.0,
            "LimHigh2" : 0.0,
            "LimLow0" : -0.17453292519943295,
            "LimLow1" : 0.0,
            "LimLow2" : 0.0,
            "Name" : "rtibia",
            "Parent" : 2,
            "TorqueLim" : 2000.0,
            "Type" : "revolute"
         },
         {
            "AttachThetaX" : -1.5708,
            "AttachThetaY" : 0.0,
            "AttachThetaZ" : 0.0,
            "AttachX" : 1.0179080409318095e-07,
            "AttachY" : -0.41999999999999998,
            "AttachZ" : 4.1361175737441441e-17,
            "DiffWeight" : 1.0,
            "ID" : 4,
            "IsEndEffector" : 1.0,
            "LimHigh0" : 1.5707963267948966,
            "LimHigh1" : 0.0,
            "LimHigh2" : 1.2217304763960306,
            "LimLow0" : -0.78539816339744828,
            "LimLow1" : 0.0,
            "LimLow2" : -0.3490658503988659,
            "Name" : "rfoot",
            "Parent" : 3,
            "TorqueLim" : 800.0,
            "Type" : "spherical"
         },
         {
            "AttachThetaX" : 0.0,
            "AttachThetaY" : 0.0,
            "AttachThetaZ" : 0.0,
            "AttachX" : 0.0,
            "AttachY" : 0.0,
            "AttachZ" : 0.0,
            "DiffWeight" : 1.0,
            "ID" : 5,
            "IsEndEffector" : 0.0,
            "LimHigh0" : 0.78539816339744828,
            "LimHigh1" : 0.52359877559829882,
            "LimHigh2" : 0.52359877559829882,
            "LimLow0" : -0.3490658503988659,
            "LimLow1" : -0.52359877559829882,
            "LimLow2" : -0.52359877559829882,
            "Name" : "lowerback",
            "Parent" : 0,
            "TorqueLim" : 2000.0,
            "Type" : "spherical"
         },
         {
            "AttachThetaX" : 0.0,
            "AttachThetaY" : 0.0,
            "AttachThetaZ" : 0.0,
            "AttachX" : -0.00085039370080000002,
            "AttachY" : 0.12096850393879999,
            "AttachZ" : -0.0019133858267999999,
            "DiffWeight" : 1.0,
            "ID" : 6,
            "IsEndEffector" : 0.0,
            "LimHigh0" : 0.78539816339744828,
            "LimHigh1" : 0.52359877559829882,
            "LimHigh2" : 0.52359877559829882,
            "LimLow0" : -0.3490658503988659,
            "LimLow1" : -0.52359877559829882,
            "LimLow2" : -0.52359877559829882,
            "Name" : "upperback",
            "Parent" : 5,
            "TorqueLim" : 2000.0,
            "Type" : "spherical"
         },
         {
            "AttachThetaX" : 0.0,
            "AttachThetaY" : 0.0,
            "AttachThetaZ" : 0.0,
            "AttachX" : 0.0029763779527999996,
            "AttachY" : 0.1184173228364,
            "AttachZ" : -0.010204724409599998,
            "DiffWeight" : 1.0,
            "ID" : 7,
            "IsEndEffector" : 0.0,
            "LimHigh0" : 0.78539816339744828,
            "LimHigh1" : 0.52359877559829882,
            "LimHigh2" : 0.52359877559829882,
            "LimLow0" : -0.3490658503988659,
            "LimLow1" : -0.52359877559829882,
            "LimLow2" : -0.52359877559829882,
            "Name" : "thorax",
            "Parent" : 6,
            "TorqueLim" : 2000.0,
            "Type" : "spherical"
         },
         {
            "AttachThetaX" : 0.0,
            "AttachThetaY" : 0.0,
            "AttachThetaZ" : 0.0,
            "AttachX" : 0.0034015811480783932,
            "AttachY" : 0.11905528044740377,
            "AttachZ" : -0.0093543511439825797,
            "DiffWeight" : 1.0,
            "ID" : 8,
            "IsEndEffector" : 0.0,
            "LimHigh0" : 0.0,
            "LimHigh1" : 0.3490658503988659,
            "LimHigh2" : 0.0,
            "LimLow0" : 0.0,
            "LimLow1" : -0.17453292519943295,
            "LimLow2" : -0.3490658503988659,
            "Name" : "rclavicle",
            "Parent" : 7,
            "TorqueLim" : 800.0,
            "Type" : "spherical"
         },
         {
            "AttachThetaX" : 3.1415999999999999,
            "AttachThetaY" : 0.52359999999999995,
            "AttachThetaZ" : 1.5708,
            "AttachX" : -0.1751811023648,
            "AttachY" : 0.055062992126799992,
            "AttachZ" : 0.018708661417600001,
            "DiffWeight" : 1.0,
            "ID" : 9,
            "IsEndEffector" : 0.0,
            "LimHigh0" : 1.0471975511965976,
            "LimHigh1" : 1.5707963267948966,
            "LimHigh2" : 1.5707963267948966,
            "LimLow0" : -1.5707963267948966,
            "LimLow1" : -1.5707963267948966,
            "LimLow2" : -1.5707963267948966,
            "Name" : "rhumerus",
            "Parent" : 8,
            "TorqueLim" : 1000.0,
            "Type" : "spherical"
         },
         {
            "AttachThetaX" : 0.0,
            "AttachThetaY" : 0.0,
            "AttachThetaZ" : 0.0,
            "AttachX" : 0.0,
            "AttachY" : -0.28190551181519996,
            "AttachZ" : 0.0,
            "DiffWeight" : 1.0,
            "ID" : 10,
            "IsEndEffector" : 0.0,
            "LimHigh0" : 2.9670597283903599,
            "LimHigh1" : 0.0,
            "LimHigh2" : 0.0,
            "LimLow0" : -0.17453292519943295,
            "LimLow1" : 0.0,
            "LimLow2" : 0.0,
            "Name" : "rradius",
            "Parent" : 9,
            "TorqueLim" : 600.0,
            "Type" : "spherical"
         },
         {
            "AttachThetaX" : 7.5459116894133406e-06,
            "AttachThetaY" : 2.0943999999999998,
            "AttachThetaZ" : 8.7132609851714449e-06,
            "AttachX" : -7.0653741624871983e-12,
            "AttachY" : -0.181771653546,
            "AttachZ" : 4.0791734140414965e-12,
            "DiffWeight" : 1.0,
            "ID" : 11,
            "IsEndEffector" : 1.0,
            "LimHigh0" : 0.0,
            "LimHigh1" : 0.0,
            "LimHigh2" : 0.0,
            "LimLow0" : 0.0,
            "LimLow1" : -3.1415926535897931,
            "LimLow2" : 0.0,
            "Name" : "rwrist",
            "Parent" : 10,
            "TorqueLim" : 0.0,
            "Type" : "fixed"
         },
         {
            "AttachThetaX" : 1.7347234759768071e-18,
            "AttachThetaY" : -3.4694469519536142e-18,
            "AttachThetaZ" : 3.1225022567582528e-17,
            "AttachX" : 0.0033999999999999998,
            "AttachY" : 0.12909999999999999,
            "AttachZ" : -0.0094000000000000004,
            "DiffWeight" : 1.0,
            "ID" : 12,
            "IsEndEffector" : 1.0,
            "LimHigh0" : 0.78539816339744828,
            "LimHigh1" : 0.52359877559829882,
            "LimHigh2" : 0.52359877559829882,
            "LimLow0" : -0.3490658503988659,
            "LimLow1" : -0.52359877559829882,
            "LimLow2" : -0.52359877559829882,
            "Name" : "lowerneck",
            "Parent" : 7,
            "TorqueLim" : 1200.0,
            "Type" : "spherical"
         },
         {
            "AttachThetaX" : 0.0,
            "AttachThetaY" : 0.0,
            "AttachThetaZ" : -0.12999999999999998,
            "AttachX" : 0.0033999999999999998,
            "AttachY" : 0.1191,
            "AttachZ" : -0.0094000000000000004,
            "DiffWeight" : 1.0,
            "ID" : 13,
            "IsEndEffector" : 0.0,
            "LimHigh0" : 0.0,
            "LimHigh1" : 0.17453292519943295,
            "LimHigh2" : 0.3490658503988659,
            "LimLow0" : 0.0,
            "LimLow1" : -0.3490658503988659,
            "LimLow2" : 0.0,
            "Name" : "lclavicle",
            "Parent" : 7,
            "TorqueLim" : 800.0,
            "Type" : "spherical"
         },
         {
            "AttachThetaX" : 0.0,
            "AttachThetaY" : -2.6179999999999999,
            "AttachThetaZ" : 1.5708,
            "AttachX" : 0.17688188976639999,
            "AttachY" : 0.046346456693599998,
            "AttachZ" : 0.0029763779527999996,
            "DiffWeight" : 1.0,
            "ID" : 14,
            "IsEndEffector" : 0.0,
            "LimHigh0" : 1.5707963267948966,
            "LimHigh1" : 1.5707963267948966,
            "LimHigh2" : 1.5707963267948966,
            "LimLow0" : -1.0471975511965976,
            "LimLow1" : -1.5707963267948966,
            "LimLow2" : -1.5707963267948966,
            "Name" : "lhumerus",
            "Parent" : 13,
            "TorqueLim" : 1000.0,
            "Type" : "spherical"
         },
         {
            "AttachThetaX" : -2.3348752933792341e-16,
            "AttachThetaY" : 0.0,
            "AttachThetaZ" : 0.0,
            "AttachX" : 0.0,
            "AttachY" : -0.26829921260239997,
            "AttachZ" : 0.0,
            "DiffWeight" : 1.0,
            "ID" : 15,
            "IsEndEffector" : 0.0,
            "LimHigh0" : 2.9670597283903599,
            "LimHigh1" : 0.0,
            "LimHigh2" : 0.0,
            "LimLow0" : -0.17453292519943295,
            "LimLow1" : 0.0,
            "LimLow2" : 0.0,
            "Name" : "lradius",
            "Parent" : 14,
            "TorqueLim" : 600.0,
            "Type" : "spherical"
         },
         {
            "AttachThetaX" : -3.1415999999999999,
            "AttachThetaY" : -1.0471999999999999,
            "AttachThetaZ" : 3.1415999999999999,
            "AttachX" : 7.0500768595479899e-12,
            "AttachY" : -0.18134645669559998,
            "AttachZ" : 4.0703707268558598e-12,
            "DiffWeight" : 1.0,
            "ID" : 16,
            "IsEndEffector" : 1.0,
            "LimHigh0" : 0.0,
            "LimHigh1" : 0.0,
            "LimHigh2" : 0.0,
            "LimLow0" : 0.0,
            "LimLow1" : -3.1415926535897931,
            "LimLow2" : 0.0,
            "Name" : "lwrist",
            "Parent" : 15,
            "TorqueLim" : 0.0,
            "Type" : "fixed"
         },
         {
            "AttachThetaX" : 0.0,
            "AttachThetaY" : 0.0,
            "AttachThetaZ" : 0.0,
            "AttachX" : 0.0,
            "AttachY" : 0.0,
            "AttachZ" : 0.0,
            "DiffWeight" : 1.0,
            "ID" : 17,
            "IsEndEffector" : 0.0,
            "LimHigh0" : 0.01,
            "LimHigh1" : 0.01,
            "LimHigh2" : 0.01,
            "LimLow0" : 0.0,
            "LimLow1" : 0.0,
            "LimLow2" : 0.0,
            "Name" : "lhipjoint",
            "Parent" : 0,
            "TorqueLim" : 0.0,
            "Type" : "fixed"
         },
         {
            "AttachThetaX" : 0.0,
            "AttachThetaY" : 0.0,
            "AttachThetaZ" : 0.34910000000000002,
            "AttachX" : 0.10009999999999999,
            "AttachY" : -0.094,
            "AttachZ" : 0.045900000000000003,
            "DiffWeight" : 1.0,
            "ID" : 18,
            "IsEndEffector" : 0.0,
            "LimHigh0" : 0.3490658503988659,
            "LimHigh1" : 1.2217304763960306,
            "LimHigh2" : 1.2217304763960306,
            "LimLow0" : -2.7925268031909272,
            "LimLow1" : -1.2217304763960306,
            "LimLow2" : -1.0471975511965976,
            "Name" : "lfemur",
            "Parent" : 17,
            "TorqueLim" : 2000.0,
            "Type" : "spherical"
         },
         {
            "AttachThetaX" : 0.0,
            "AttachThetaY" : 0.0,
            "AttachThetaZ" : 0.0,
            "AttachX" : 0.0,
            "AttachY" : -0.39400000000000002,
            "AttachZ" : 0.0,
            "DiffWeight" : 1.0,
            "ID" : 19,
            "IsEndEffector" : 0.0,
            "LimHigh0" : 2.9670597283903599,
            "LimHigh1" : 0.0,
            "LimHigh2" : 0.0,
            "LimLow0" : -0.17453292519943295,
            "LimLow1" : 0.0,
            "LimLow2" : 0.0,
            "Name" : "ltibia",
            "Parent" : 18,
            "TorqueLim" : 2000.0,
            "Type" : "revolute"
         },
         {
            "AttachThetaX" : -1.5708,
            "AttachThetaY" : 0.0,
            "AttachThetaZ" : 5.5511151231257815e-17,
            "AttachX" : -3.9852171248932555e-07,
            "AttachY" : -0.41999999999999998,
            "AttachZ" : 0.0,
            "DiffWeight" : 1.0,
            "ID" : 20,
            "IsEndEffector" : 1.0,
            "LimHigh0" : 1.5707963267948966,
            "LimHigh1" : 0.0,
            "LimHigh2" : 0.3490658503988659,
            "LimLow0" : -0.78539816339744828,
            "LimLow1" : 0.0,
            "LimLow2" : -1.2217304763960306,
            "Name" : "lfoot",
            "Parent" : 19,
            "TorqueLim" : 800.0,
            "Type" : "spherical"
         }
      ]
   }
}
